"ReceiptNumber","ReceiptMethod","ReceiptDate","BusinessUnit","CustomerAccountNumber","CustomerSite","Amount","Currency","RemittanceBankAccountNumber","AccountingDate"
"Cash-PAYMENT-RYDAVENUE/51282 REFUND","Cash","2026-03-24","AlQurashi-KSA","72016","55008","-399.0","SAR","CashRYDAVENUE","2026-03-24"
"Cash-BLKU-0004783","Cash","2026-03-05","AlQurashi-KSA","88015","74004","883.0","SAR","Cash SMARTSHRYD","2026-03-05"
"Cash-BLKU-0004784","Cash","2026-03-06","AlQurashi-KSA","88015","74004","2062.0","SAR","Cash SMARTSHRYD","2026-03-06"
"Cash-BLKU-0004785","Cash","2026-03-07","AlQurashi-KSA","88015","74004","902.0","SAR","Cash SMARTSHRYD","2026-03-07"
"Cash-BLKU-0004786","Cash","2026-03-08","AlQurashi-KSA","88015","74004","2117.0","SAR","Cash SMARTSHRYD","2026-03-08"
"Cash-BLKU-0004787","Cash","2026-03-09","AlQurashi-KSA","88015","74004","877.0","SAR","Cash SMARTSHRYD","2026-03-09"
"Cash-BLKU-0004788","Cash","2026-03-10","AlQurashi-KSA","88015","74004","1271.0","SAR","Cash SMARTSHRYD","2026-03-10"
"Cash-BLKU-0004789","Cash","2026-03-11","AlQurashi-KSA","88015","74004","1632.0","SAR","Cash SMARTSHRYD","2026-03-11"
"Cash-BLKU-0004790","Cash","2026-03-12","AlQurashi-KSA","88015","74004","15816.0","SAR","Cash SMARTSHRYD","2026-03-12"
"Cash-BLKU-0004791","Cash","2026-03-13","AlQurashi-KSA","88015","74004","2138.0","SAR","Cash SMARTSHRYD","2026-03-13"
"Cash-BLKU-0004792","Cash","2026-03-14","AlQurashi-KSA","88015","74004","1333.0","SAR","Cash SMARTSHRYD","2026-03-14"
"Cash-BLKU-0004793","Cash","2026-03-15","AlQurashi-KSA","88015","74004","2977.0","SAR","Cash SMARTSHRYD","2026-03-15"
"Cash-BLKU-0004794","Cash","2026-03-16","AlQurashi-KSA","88015","74004","2568.0","SAR","Cash SMARTSHRYD","2026-03-16"
"Cash-BLKU-0004795","Cash","2026-03-17","AlQurashi-KSA","88015","74004","5827.0","SAR","Cash SMARTSHRYD","2026-03-17"
"Cash-BLKU-0004796","Cash","2026-03-18","AlQurashi-KSA","88015","74004","1809.0","SAR","Cash SMARTSHRYD","2026-03-18"
"Cash-BLKU-0004797","Cash","2026-03-19","AlQurashi-KSA","88015","74004","6442.0","SAR","Cash SMARTSHRYD","2026-03-19"
"Cash-BLKU-0004798","Cash","2026-03-20","AlQurashi-KSA","88015","74004","828.0","SAR","Cash SMARTSHRYD","2026-03-20"
"Cash-BLKU-0004799","Cash","2026-03-21","AlQurashi-KSA","88015","74004","738.0","SAR","Cash SMARTSHRYD","2026-03-21"
"Cash-BLKU-0004800","Cash","2026-03-22","AlQurashi-KSA","88015","74004","939.0","SAR","Cash SMARTSHRYD","2026-03-22"
"Cash-BLKU-0004801","Cash","2026-03-23","AlQurashi-KSA","88015","74004","1142.0","SAR","Cash SMARTSHRYD","2026-03-23"
"Cash-BLKU-0004803","Cash","2026-03-24","AlQurashi-KSA","88015","74004","1397.0","SAR","Cash SMARTSHRYD","2026-03-24"
"Cash-BLKU-0004804","Cash","2026-03-25","AlQurashi-KSA","88015","74004","925.0","SAR","Cash SMARTSHRYD","2026-03-25"
"Cash-BLKU-0004805","Cash","2026-03-26","AlQurashi-KSA","88015","74004","100.0","SAR","Cash SMARTSHRYD","2026-03-26"
"Cash-BLKU-0004806","Cash","2026-03-27","AlQurashi-KSA","88015","74004","398.0","SAR","Cash SMARTSHRYD","2026-03-27"
"Cash-BLKU-0004807","Cash","2026-03-28","AlQurashi-KSA","88015","74004","898.0","SAR","Cash SMARTSHRYD","2026-03-28"
"Cash-BLKU-0004808","Cash","2026-03-29","AlQurashi-KSA","88015","74004","1315.0","SAR","Cash SMARTSHRYD","2026-03-29"
"Cash-BLKU-0004809","Cash","2026-03-30","AlQurashi-KSA","88015","74004","1594.0","SAR","Cash SMARTSHRYD","2026-03-30"
"Mada-BLKU-0004783","Mada","2026-03-05","AlQurashi-KSA","88015","74004","8162.0","SAR","157-95017321-SMARTSHRYD","2026-03-05"
"Mada-BLKU-0004784","Mada","2026-03-06","AlQurashi-KSA","88015","74004","7113.0","SAR","157-95017321-SMARTSHRYD","2026-03-06"
"Mada-BLKU-0004785","Mada","2026-03-07","AlQurashi-KSA","88015","74004","8217.0","SAR","157-95017321-SMARTSHRYD","2026-03-07"
"Mada-BLKU-0004786","Mada","2026-03-08","AlQurashi-KSA","88015","74004","5338.0","SAR","157-95017321-SMARTSHRYD","2026-03-08"
"Mada-BLKU-0004787","Mada","2026-03-09","AlQurashi-KSA","88015","74004","5107.0","SAR","157-95017321-SMARTSHRYD","2026-03-09"
"Mada-BLKU-0004788","Mada","2026-03-10","AlQurashi-KSA","88015","74004","2914.0","SAR","157-95017321-SMARTSHRYD","2026-03-10"
"Mada-BLKU-0004789","Mada","2026-03-11","AlQurashi-KSA","88015","74004","9505.0","SAR","157-95017321-SMARTSHRYD","2026-03-11"
"Mada-BLKU-0004790","Mada","2026-03-12","AlQurashi-KSA","88015","74004","4664.0","SAR","157-95017321-SMARTSHRYD","2026-03-12"
"Mada-BLKU-0004791","Mada","2026-03-13","AlQurashi-KSA","88015","74004","5035.0","SAR","157-95017321-SMARTSHRYD","2026-03-13"
"Mada-BLKU-0004792","Mada","2026-03-14","AlQurashi-KSA","88015","74004","7444.0","SAR","157-95017321-SMARTSHRYD","2026-03-14"
"Mada-BLKU-0004793","Mada","2026-03-15","AlQurashi-KSA","88015","74004","12015.0","SAR","157-95017321-SMARTSHRYD","2026-03-15"
"Mada-BLKU-0004794","Mada","2026-03-16","AlQurashi-KSA","88015","74004","10383.0","SAR","157-95017321-SMARTSHRYD","2026-03-16"
"Mada-BLKU-0004795","Mada","2026-03-17","AlQurashi-KSA","88015","74004","10959.0","SAR","157-95017321-SMARTSHRYD","2026-03-17"
"Mada-BLKU-0004796","Mada","2026-03-18","AlQurashi-KSA","88015","74004","7731.0","SAR","157-95017321-SMARTSHRYD","2026-03-18"
"Mada-BLKU-0004797","Mada","2026-03-19","AlQurashi-KSA","88015","74004","20519.0","SAR","157-95017321-SMARTSHRYD","2026-03-19"
"Mada-BLKU-0004798","Mada","2026-03-20","AlQurashi-KSA","88015","74004","4330.0","SAR","157-95017321-SMARTSHRYD","2026-03-20"
"Mada-BLKU-0004799","Mada","2026-03-21","AlQurashi-KSA","88015","74004","1917.0","SAR","157-95017321-SMARTSHRYD","2026-03-21"
"Mada-BLKU-0004800","Mada","2026-03-22","AlQurashi-KSA","88015","74004","1353.0","SAR","157-95017321-SMARTSHRYD","2026-03-22"
"Mada-BLKU-0004801","Mada","2026-03-23","AlQurashi-KSA","88015","74004","1468.0","SAR","157-95017321-SMARTSHRYD","2026-03-23"
"Mada-BLKU-0004803","Mada","2026-03-24","AlQurashi-KSA","88015","74004","3267.0","SAR","157-95017321-SMARTSHRYD","2026-03-24"
"Mada-BLKU-0004804","Mada","2026-03-25","AlQurashi-KSA","88015","74004","1349.0","SAR","157-95017321-SMARTSHRYD","2026-03-25"
"Mada-BLKU-0004805","Mada","2026-03-26","AlQurashi-KSA","88015","74004","1997.0","SAR","157-95017321-SMARTSHRYD","2026-03-26"
"Mada-BLKU-0004806","Mada","2026-03-27","AlQurashi-KSA","88015","74004","2806.0","SAR","157-95017321-SMARTSHRYD","2026-03-27"
"Mada-BLKU-0004807","Mada","2026-03-28","AlQurashi-KSA","88015","74004","2459.0","SAR","157-95017321-SMARTSHRYD","2026-03-28"
"Mada-BLKU-0004808","Mada","2026-03-29","AlQurashi-KSA","88015","74004","1598.0","SAR","157-95017321-SMARTSHRYD","2026-03-29"
"Mada-BLKU-0004809","Mada","2026-03-30","AlQurashi-KSA","88015","74004","850.0","SAR","157-95017321-SMARTSHRYD","2026-03-30"
"Mada-BLKU-0004810","Mada","2026-03-31","AlQurashi-KSA","88015","74004","195.0","SAR","157-95017321-SMARTSHRYD","2026-03-31"
"Master-BLKU-0004783","Master","2026-03-05","AlQurashi-KSA","88015","74004","797.0","SAR","157-95017321-SMARTSHRYD","2026-03-05"
"Master-BLKU-0004784","Master","2026-03-06","AlQurashi-KSA","88015","74004","525.0","SAR","157-95017321-SMARTSHRYD","2026-03-06"
"Master-BLKU-0004785","Master","2026-03-07","AlQurashi-KSA","88015","74004","1011.0","SAR","157-95017321-SMARTSHRYD","2026-03-07"
"Master-BLKU-0004786","Master","2026-03-08","AlQurashi-KSA","88015","74004","583.0","SAR","157-95017321-SMARTSHRYD","2026-03-08"
"Master-BLKU-0004788","Master","2026-03-10","AlQurashi-KSA","88015","74004","1122.0","SAR","157-95017321-SMARTSHRYD","2026-03-10"
"Master-BLKU-0004789","Master","2026-03-11","AlQurashi-KSA","88015","74004","798.0","SAR","157-95017321-SMARTSHRYD","2026-03-11"
"Master-BLKU-0004790","Master","2026-03-12","AlQurashi-KSA","88015","74004","894.0","SAR","157-95017321-SMARTSHRYD","2026-03-12"
"Master-BLKU-0004791","Master","2026-03-13","AlQurashi-KSA","88015","74004","115.0","SAR","157-95017321-SMARTSHRYD","2026-03-13"
"Master-BLKU-0004792","Master","2026-03-14","AlQurashi-KSA","88015","74004","945.0","SAR","157-95017321-SMARTSHRYD","2026-03-14"
"Master-BLKU-0004793","Master","2026-03-15","AlQurashi-KSA","88015","74004","274.0","SAR","157-95017321-SMARTSHRYD","2026-03-15"
"Master-BLKU-0004794","Master","2026-03-16","AlQurashi-KSA","88015","74004","1938.0","SAR","157-95017321-SMARTSHRYD","2026-03-16"
"Master-BLKU-0004795","Master","2026-03-17","AlQurashi-KSA","88015","74004","613.0","SAR","157-95017321-SMARTSHRYD","2026-03-17"
"Master-BLKU-0004796","Master","2026-03-18","AlQurashi-KSA","88015","74004","1438.0","SAR","157-95017321-SMARTSHRYD","2026-03-18"
"Master-BLKU-0004797","Master","2026-03-19","AlQurashi-KSA","88015","74004","521.0","SAR","157-95017321-SMARTSHRYD","2026-03-19"
"Master-BLKU-0004799","Master","2026-03-21","AlQurashi-KSA","88015","74004","521.0","SAR","157-95017321-SMARTSHRYD","2026-03-21"
"Master-BLKU-0004801","Master","2026-03-23","AlQurashi-KSA","88015","74004","49.0","SAR","157-95017321-SMARTSHRYD","2026-03-23"
"Master-BLKU-0004803","Master","2026-03-24","AlQurashi-KSA","88015","74004","125.0","SAR","157-95017321-SMARTSHRYD","2026-03-24"
"Master-BLKU-0004806","Master","2026-03-27","AlQurashi-KSA","88015","74004","149.0","SAR","157-95017321-SMARTSHRYD","2026-03-27"
"Master-BLKU-0004808","Master","2026-03-29","AlQurashi-KSA","88015","74004","99.0","SAR","157-95017321-SMARTSHRYD","2026-03-29"
"Master-BLKU-0004810","Master","2026-03-31","AlQurashi-KSA","88015","74004","105.0","SAR","157-95017321-SMARTSHRYD","2026-03-31"
"Visa-BLKU-0004783","Visa","2026-03-05","AlQurashi-KSA","88015","74004","2648.0","SAR","157-95017321-SMARTSHRYD","2026-03-05"
"Visa-BLKU-0004784","Visa","2026-03-06","AlQurashi-KSA","88015","74004","2744.0","SAR","157-95017321-SMARTSHRYD","2026-03-06"
"Visa-BLKU-0004785","Visa","2026-03-07","AlQurashi-KSA","88015","74004","4006.0","SAR","157-95017321-SMARTSHRYD","2026-03-07"
"Visa-BLKU-0004786","Visa","2026-03-08","AlQurashi-KSA","88015","74004","3821.0","SAR","157-95017321-SMARTSHRYD","2026-03-08"
"Visa-BLKU-0004787","Visa","2026-03-09","AlQurashi-KSA","88015","74004","2893.0","SAR","157-95017321-SMARTSHRYD","2026-03-09"
"Visa-BLKU-0004788","Visa","2026-03-10","AlQurashi-KSA","88015","74004","2086.0","SAR","157-95017321-SMARTSHRYD","2026-03-10"
"Visa-BLKU-0004789","Visa","2026-03-11","AlQurashi-KSA","88015","74004","2659.0","SAR","157-95017321-SMARTSHRYD","2026-03-11"
"Visa-BLKU-0004790","Visa","2026-03-12","AlQurashi-KSA","88015","74004","1776.0","SAR","157-95017321-SMARTSHRYD","2026-03-12"
"Visa-BLKU-0004791","Visa","2026-03-13","AlQurashi-KSA","88015","74004","2100.0","SAR","157-95017321-SMARTSHRYD","2026-03-13"
"Visa-BLKU-0004792","Visa","2026-03-14","AlQurashi-KSA","88015","74004","2805.0","SAR","157-95017321-SMARTSHRYD","2026-03-14"
"Visa-BLKU-0004793","Visa","2026-03-15","AlQurashi-KSA","88015","74004","3743.0","SAR","157-95017321-SMARTSHRYD","2026-03-15"
"Visa-BLKU-0004794","Visa","2026-03-16","AlQurashi-KSA","88015","74004","5064.0","SAR","157-95017321-SMARTSHRYD","2026-03-16"
"Visa-BLKU-0004795","Visa","2026-03-17","AlQurashi-KSA","88015","74004","3012.0","SAR","157-95017321-SMARTSHRYD","2026-03-17"
"Visa-BLKU-0004796","Visa","2026-03-18","AlQurashi-KSA","88015","74004","1202.0","SAR","157-95017321-SMARTSHRYD","2026-03-18"
"Visa-BLKU-0004797","Visa","2026-03-19","AlQurashi-KSA","88015","74004","4657.0","SAR","157-95017321-SMARTSHRYD","2026-03-19"
"Visa-BLKU-0004798","Visa","2026-03-20","AlQurashi-KSA","88015","74004","2097.0","SAR","157-95017321-SMARTSHRYD","2026-03-20"
"Visa-BLKU-0004799","Visa","2026-03-21","AlQurashi-KSA","88015","74004","1034.0","SAR","157-95017321-SMARTSHRYD","2026-03-21"
"Visa-BLKU-0004800","Visa","2026-03-22","AlQurashi-KSA","88015","74004","1991.0","SAR","157-95017321-SMARTSHRYD","2026-03-22"
"Visa-BLKU-0004801","Visa","2026-03-23","AlQurashi-KSA","88015","74004","785.0","SAR","157-95017321-SMARTSHRYD","2026-03-23"
"Visa-BLKU-0004803","Visa","2026-03-24","AlQurashi-KSA","88015","74004","1639.0","SAR","157-95017321-SMARTSHRYD","2026-03-24"
"Visa-BLKU-0004804","Visa","2026-03-25","AlQurashi-KSA","88015","74004","2126.0","SAR","157-95017321-SMARTSHRYD","2026-03-25"
"Visa-BLKU-0004805","Visa","2026-03-26","AlQurashi-KSA","88015","74004","1359.0","SAR","157-95017321-SMARTSHRYD","2026-03-26"
"Visa-BLKU-0004806","Visa","2026-03-27","AlQurashi-KSA","88015","74004","1237.0","SAR","157-95017321-SMARTSHRYD","2026-03-27"
"Visa-BLKU-0004807","Visa","2026-03-28","AlQurashi-KSA","88015","74004","1645.0","SAR","157-95017321-SMARTSHRYD","2026-03-28"
"Visa-BLKU-0004808","Visa","2026-03-29","AlQurashi-KSA","88015","74004","907.0","SAR","157-95017321-SMARTSHRYD","2026-03-29"
"Visa-BLKU-0004809","Visa","2026-03-30","AlQurashi-KSA","88015","74004","601.0","SAR","157-95017321-SMARTSHRYD","2026-03-30"
"Visa-BLKU-0004810","Visa","2026-03-31","AlQurashi-KSA","88015","74004","454.0","SAR","157-95017321-SMARTSHRYD","2026-03-31"
